,person,total,cuisine,restaurant,sitting_time,payment_type,tips
0,2,819,vegetarian,Restaurant_5,142min,credit_card,125
1,3,1011,chinese,Restaurant_3,54min,credit_card,145
2,6,4224,kebab,Restaurant_9,112min,cash,330
3,8,1142,seafood,Restaurant_2,202min,cash,245
4,1,519,world,Restaurant_5,98min,cash,100
5,1,335,iskender,Restaurant_1,221min,cash,105
6,1,1046,vegetarian,Restaurant_2,171min,cash,210
7,4,2431,world,Restaurant_8,108min,meal_card,205
8,7,1315,seafood,Restaurant_9,230min,meal_card,230
9,8,1345,fast_food,Restaurant_6,94min,credit_card,320
10,4,1532,fast_food,Restaurant_8,134min,credit_card,370
11,7,3531,fast_food,Restaurant_2,159min,meal_card,545
12,2,617,iskender,Restaurant_8,238min,cash,135
13,7,901,grill,Restaurant_6,38min,meal_card,55
14,7,1354,chinese,Restaurant_3,212min,credit_card,175
15,6,1713,japanese,Restaurant_1,116min,meal_card,90
16,7,3418,chinese,Restaurant_5,222min,meal_card,565
17,1,1014,chinese,Restaurant_1,106min,meal_card,110
18,4,4265,turkish,Restaurant_6,60min,cash,530
19,2,832,kebab,Restaurant_2,89min,cash,105
20,7,2070,turkish,Restaurant_9,237min,cash,175
21,5,4569,grill,Restaurant_9,160min,cash,595
22,3,2679,grill,Restaurant_7,206min,credit_card,345
23,2,950,doner,Restaurant_7,240min,meal_card,245
24,1,484,kebab,Restaurant_8,33min,credit_card,55
25,4,1406,doner,Restaurant_6,171min,cash,85
26,1,572,iskender,Restaurant_9,136min,cash,125
27,8,2080,italian,Restaurant_8,87min,meal_card,80
28,3,593,desserts,Restaurant_3,41min,meal_card,70
29,7,2273,grill,Restaurant_6,39min,cash,205
30,3,1545,pizza,Restaurant_4,79min,credit_card,285
31,8,2711,vegetarian,Restaurant_4,112min,cash,650
32,5,1777,pizza,Restaurant_5,57min,meal_card,215
33,1,544,pizza,Restaurant_4,177min,credit_card,115
34,5,1443,desserts,Restaurant_5,113min,credit_card,365
35,2,1023,seafood,Restaurant_9,77min,credit_card,80
36,7,2066,pizza,Restaurant_8,177min,cash,440
37,5,2147,japanese,Restaurant_8,55min,meal_card,25
38,7,3291,seafood,Restaurant_5,73min,cash,575
39,7,1887,vegetarian,Restaurant_8,52min,credit_card,155
40,6,2776,fast_food,Restaurant_1,112min,meal_card,425
41,3,1819,doner,Restaurant_2,90min,cash,60
42,4,1850,turkish,Restaurant_3,105min,meal_card,150
43,3,1430,japanese,Restaurant_1,50min,cash,135
44,5,2087,iskender,Restaurant_9,171min,cash,170
45,8,1880,grill,Restaurant_9,70min,cash,270
46,2,668,pizza,Restaurant_1,78min,meal_card,150
47,8,3162,iskender,Restaurant_6,132min,cash,230
48,4,2385,japanese,Restaurant_4,76min,meal_card,150
49,1,342,chinese,Restaurant_6,32min,credit_card,65
50,6,3115,italian,Restaurant_7,106min,cash,375
51,4,1807,kebab,Restaurant_8,54min,meal_card,360
52,4,1614,kebab,Restaurant_7,173min,credit_card,370
53,5,1143,pizza,Restaurant_4,164min,credit_card,245
54,3,743,japanese,Restaurant_4,103min,cash,140
55,6,1462,grill,Restaurant_2,126min,meal_card,390
56,3,901,fast_food,Restaurant_8,72min,credit_card,95
57,4,919,turkish,Restaurant_1,147min,cash,140
58,8,2820,pizza,Restaurant_1,150min,credit_card,280
59,5,1271,italian,Restaurant_6,122min,meal_card,55
60,3,1432,desserts,Restaurant_7,122min,meal_card,255
61,7,1603,vegetarian,Restaurant_8,173min,cash,160
62,7,3615,world,Restaurant_8,127min,meal_card,650
63,3,1623,seafood,Restaurant_8,176min,credit_card,235
64,7,3668,iskender,Restaurant_6,62min,meal_card,160
65,3,1063,grill,Restaurant_3,169min,cash,245
66,7,1660,steakhouse,Restaurant_2,39min,meal_card,290
67,4,1731,grill,Restaurant_5,154min,meal_card,195
68,8,1929,pizza,Restaurant_5,70min,meal_card,420
69,5,2571,turkish,Restaurant_9,59min,cash,535
70,5,2450,pizza,Restaurant_6,71min,meal_card,385
71,2,771,grill,Restaurant_7,135min,cash,135
72,6,2471,pizza,Restaurant_7,32min,credit_card,160
73,7,2949,chinese,Restaurant_7,92min,cash,400
74,1,554,chinese,Restaurant_9,62min,meal_card,115
75,8,4468,vegetarian,Restaurant_6,92min,credit_card,735
76,4,1915,chinese,Restaurant_1,114min,cash,145
77,2,1209,chinese,Restaurant_1,42min,cash,215
78,2,930,iskender,Restaurant_3,168min,credit_card,130
79,1,457,vegetarian,Restaurant_2,36min,credit_card,115
80,5,1005,doner,Restaurant_9,97min,meal_card,175
81,6,2473,iskender,Restaurant_5,167min,cash,165
82,3,545,desserts,Restaurant_3,144min,credit_card,70
83,4,2007,turkish,Restaurant_6,147min,cash,350
84,5,2032,grill,Restaurant_5,117min,meal_card,170
85,7,3732,turkish,Restaurant_8,38min,meal_card,450
86,7,1262,chinese,Restaurant_7,123min,cash,130
87,1,438,grill,Restaurant_7,63min,cash,115
88,7,2441,pizza,Restaurant_9,60min,credit_card,275
89,8,3135,steakhouse,Restaurant_3,149min,meal_card,760
90,8,3360,fast_food,Restaurant_4,67min,meal_card,620
91,2,846,kebab,Restaurant_5,92min,credit_card,70
92,8,1457,doner,Restaurant_6,58min,credit_card,55
93,3,1142,kebab,Restaurant_2,47min,credit_card,120
94,6,1134,pizza,Restaurant_5,76min,cash,165
95,5,2175,steakhouse,Restaurant_8,172min,meal_card,555
96,6,1782,pizza,Restaurant_5,121min,credit_card,200
97,3,1429,chinese,Restaurant_4,155min,meal_card,275
98,2,574,pizza,Restaurant_5,68min,cash,80
99,8,1829,chinese,Restaurant_7,68min,meal_card,125
100,8,3986,desserts,Restaurant_8,176min,cash,485
101,5,1736,pizza,Restaurant_3,130min,meal_card,310
102,7,2996,italian,Restaurant_5,32min,cash,80
103,7,2904,steakhouse,Restaurant_5,94min,meal_card,640
104,1,225,fast_food,Restaurant_7,132min,cash,20
105,8,2454,seafood,Restaurant_5,131min,cash,200
106,8,2404,chinese,Restaurant_9,81min,meal_card,445
107,4,1132,seafood,Restaurant_1,157min,cash,285
108,8,4241,world,Restaurant_4,45min,credit_card,460
109,7,3425,kebab,Restaurant_4,138min,credit_card,245
110,7,3171,kebab,Restaurant_6,94min,meal_card,460
111,6,1581,seafood,Restaurant_3,176min,cash,125
112,3,977,kebab,Restaurant_8,135min,cash,155
113,1,394,grill,Restaurant_7,96min,meal_card,40
114,4,836,turkish,Restaurant_3,96min,credit_card,95
115,8,1678,iskender,Restaurant_4,145min,credit_card,60
116,1,538,italian,Restaurant_9,49min,meal_card,70
117,5,2610,desserts,Restaurant_9,106min,cash,510
118,5,1783,world,Restaurant_2,144min,meal_card,115
119,5,1740,doner,Restaurant_9,34min,cash,95
120,7,1306,italian,Restaurant_3,104min,credit_card,95
121,2,474,chinese,Restaurant_8,44min,meal_card,110
122,5,1729,grill,Restaurant_5,155min,credit_card,170
123,2,540,iskender,Restaurant_7,144min,meal_card,75
124,4,1409,japanese,Restaurant_6,129min,cash,145
125,8,2090,world,Restaurant_7,30min,credit_card,405
126,6,2535,turkish,Restaurant_2,62min,cash,285
127,6,2165,pizza,Restaurant_7,166min,cash,355
128,1,399,steakhouse,Restaurant_4,139min,meal_card,55
129,1,525,desserts,Restaurant_1,34min,meal_card,55
130,6,2612,world,Restaurant_4,95min,cash,70
131,2,1171,fast_food,Restaurant_6,87min,credit_card,170
132,5,2372,japanese,Restaurant_2,59min,meal_card,195
133,7,3935,vegetarian,Restaurant_6,174min,cash,985
134,1,397,vegetarian,Restaurant_2,33min,meal_card,80
135,5,1853,steakhouse,Restaurant_6,129min,credit_card,300
136,6,3193,japanese,Restaurant_9,52min,credit_card,555
137,2,1080,italian,Restaurant_1,133min,cash,155
138,5,1072,doner,Restaurant_5,137min,cash,190
139,5,2719,doner,Restaurant_9,171min,credit_card,415
140,7,2538,japanese,Restaurant_7,62min,meal_card,140
141,4,1167,grill,Restaurant_3,55min,credit_card,180
142,6,1655,seafood,Restaurant_5,165min,credit_card,285
143,2,806,grill,Restaurant_2,143min,credit_card,95
144,1,475,vegetarian,Restaurant_3,167min,meal_card,115
145,1,491,iskender,Restaurant_9,58min,cash,50
146,8,4792,world,Restaurant_4,115min,credit_card,685
147,7,1453,italian,Restaurant_5,34min,credit_card,210
148,7,3733,iskender,Restaurant_4,59min,cash,65
149,4,1250,steakhouse,Restaurant_4,162min,meal_card,290
150,7,3167,kebab,Restaurant_5,86min,cash,465
151,5,1491,world,Restaurant_8,118min,credit_card,205
152,8,3820,fast_food,Restaurant_2,40min,cash,775
153,4,1272,pizza,Restaurant_6,84min,credit_card,170
154,5,1193,grill,Restaurant_9,62min,meal_card,170
155,5,1346,iskender,Restaurant_9,36min,cash,225
156,2,822,doner,Restaurant_9,108min,cash,250
157,3,1716,iskender,Restaurant_5,172min,credit_card,315
158,2,817,fast_food,Restaurant_5,170min,cash,55
159,5,1514,turkish,Restaurant_7,148min,cash,335
160,3,1046,kebab,Restaurant_6,71min,meal_card,185
161,4,1802,grill,Restaurant_7,59min,meal_card,220
162,5,2951,steakhouse,Restaurant_2,173min,meal_card,610
163,8,3018,seafood,Restaurant_5,177min,cash,580
164,1,383,steakhouse,Restaurant_9,159min,credit_card,195
165,3,1336,world,Restaurant_7,52min,credit_card,265
166,5,2475,fast_food,Restaurant_4,108min,credit_card,220
167,3,1484,seafood,Restaurant_8,43min,meal_card,285
168,6,1959,chinese,Restaurant_1,130min,credit_card,225
169,8,2736,chinese,Restaurant_7,92min,credit_card,340
170,1,496,turkish,Restaurant_7,69min,credit_card,65
171,8,3284,doner,Restaurant_1,117min,cash,85
172,8,1818,turkish,Restaurant_8,69min,cash,245
173,2,392,japanese,Restaurant_2,91min,cash,85
174,1,307,chinese,Restaurant_4,155min,credit_card,140
175,7,3435,iskender,Restaurant_2,47min,meal_card,195
176,4,1027,grill,Restaurant_5,168min,cash,250
177,2,1179,kebab,Restaurant_4,180min,credit_card,75
178,2,690,kebab,Restaurant_2,175min,meal_card,160
179,3,1308,doner,Restaurant_9,56min,cash,175
180,8,3448,world,Restaurant_5,157min,meal_card,345
181,1,543,vegetarian,Restaurant_6,74min,cash,140
182,3,842,italian,Restaurant_3,115min,cash,140
183,2,841,grill,Restaurant_8,34min,cash,125
184,3,805,desserts,Restaurant_9,84min,meal_card,70
185,3,1483,grill,Restaurant_3,123min,credit_card,325
186,7,3383,world,Restaurant_1,88min,meal_card,220
187,1,466,chinese,Restaurant_6,88min,cash,45
188,5,1853,world,Restaurant_1,167min,cash,180
189,2,358,chinese,Restaurant_6,117min,meal_card,115
190,5,1682,doner,Restaurant_1,86min,meal_card,335
191,7,3112,iskender,Restaurant_2,159min,credit_card,260
192,4,1614,japanese,Restaurant_6,148min,meal_card,145
193,6,3370,world,Restaurant_2,135min,credit_card,35
194,3,1661,chinese,Restaurant_7,32min,credit_card,305
195,6,3240,grill,Restaurant_8,89min,meal_card,215
196,8,2268,steakhouse,Restaurant_4,112min,credit_card,475
197,8,3703,desserts,Restaurant_4,157min,credit_card,320
198,1,458,grill,Restaurant_6,102min,credit_card,150
199,1,513,pizza,Restaurant_4,78min,cash,55
200,6,2494,seafood,Restaurant_4,39min,meal_card,55
201,7,3577,desserts,Restaurant_8,160min,cash,500
202,1,252,italian,Restaurant_9,68min,credit_card,50
203,7,2424,desserts,Restaurant_2,164min,credit_card,470
204,4,1339,italian,Restaurant_6,144min,meal_card,170
205,2,1009,seafood,Restaurant_6,176min,credit_card,265
206,6,2950,vegetarian,Restaurant_3,40min,cash,125
207,2,736,iskender,Restaurant_9,100min,credit_card,150
208,2,545,kebab,Restaurant_2,145min,meal_card,55
209,1,440,seafood,Restaurant_3,154min,meal_card,90
210,6,1160,pizza,Restaurant_2,129min,cash,200
211,4,1836,steakhouse,Restaurant_8,179min,credit_card,260
212,3,1223,italian,Restaurant_9,131min,credit_card,210
213,7,1287,chinese,Restaurant_5,63min,cash,225
214,6,2058,doner,Restaurant_5,77min,meal_card,325
215,3,1572,seafood,Restaurant_2,127min,cash,215
216,7,3927,pizza,Restaurant_6,180min,cash,915
217,6,2315,vegetarian,Restaurant_8,70min,cash,125
218,8,2520,kebab,Restaurant_1,79min,meal_card,280
219,2,686,iskender,Restaurant_1,109min,meal_card,130
220,1,502,turkish,Restaurant_6,135min,credit_card,100
221,1,481,vegetarian,Restaurant_8,38min,credit_card,105
222,5,1016,pizza,Restaurant_2,76min,cash,130
223,3,617,kebab,Restaurant_3,49min,meal_card,105
224,5,2610,kebab,Restaurant_2,103min,credit_card,340
225,6,3085,doner,Restaurant_3,71min,meal_card,415
226,3,1380,kebab,Restaurant_9,163min,meal_card,370
227,6,3180,vegetarian,Restaurant_6,157min,credit_card,220
228,2,965,vegetarian,Restaurant_1,141min,meal_card,110
229,2,400,world,Restaurant_8,175min,meal_card,200
230,5,2728,japanese,Restaurant_7,86min,meal_card,335
231,4,2331,chinese,Restaurant_4,75min,credit_card,440
232,8,1836,fast_food,Restaurant_2,47min,credit_card,155
233,5,1025,grill,Restaurant_1,156min,cash,250
234,5,2627,vegetarian,Restaurant_1,118min,credit_card,530
235,5,2071,iskender,Restaurant_1,88min,credit_card,330
236,7,3394,italian,Restaurant_6,52min,meal_card,305
237,3,898,vegetarian,Restaurant_4,66min,meal_card,190
238,2,530,desserts,Restaurant_8,87min,credit_card,50
239,5,1591,chinese,Restaurant_9,149min,cash,200
240,8,3716,turkish,Restaurant_3,71min,cash,235
241,3,1332,japanese,Restaurant_6,180min,credit_card,225
242,3,1486,steakhouse,Restaurant_7,77min,meal_card,50
243,5,1689,pizza,Restaurant_1,72min,cash,160
244,5,2825,japanese,Restaurant_4,71min,credit_card,110
245,3,907,desserts,Restaurant_2,144min,credit_card,235
246,3,1231,fast_food,Restaurant_9,87min,meal_card,145
247,3,1645,chinese,Restaurant_1,119min,cash,325
248,8,3912,world,Restaurant_6,142min,credit_card,415
249,4,1932,italian,Restaurant_8,161min,cash,110
250,2,667,steakhouse,Restaurant_9,133min,meal_card,40
251,1,471,italian,Restaurant_6,163min,cash,130
252,3,1713,japanese,Restaurant_3,122min,meal_card,220
253,3,1760,fast_food,Restaurant_7,63min,credit_card,340
254,6,1851,italian,Restaurant_4,69min,meal_card,115
255,4,1245,iskender,Restaurant_7,126min,credit_card,90
256,7,3678,fast_food,Restaurant_7,73min,credit_card,335
257,6,1425,desserts,Restaurant_2,163min,meal_card,65
258,7,2424,vegetarian,Restaurant_3,43min,cash,485
259,5,900,seafood,Restaurant_4,171min,credit_card,25
260,8,3668,italian,Restaurant_4,178min,credit_card,450
261,4,1097,doner,Restaurant_2,38min,meal_card,175
262,8,4783,kebab,Restaurant_5,133min,credit_card,170
263,8,4130,doner,Restaurant_3,106min,credit_card,55
264,8,3934,vegetarian,Restaurant_4,178min,credit_card,385
265,7,3611,kebab,Restaurant_7,116min,cash,540
266,5,1687,japanese,Restaurant_8,155min,meal_card,360
267,5,2869,turkish,Restaurant_7,61min,credit_card,325
268,6,2260,fast_food,Restaurant_7,67min,meal_card,520
269,4,1289,pizza,Restaurant_5,76min,credit_card,140
270,3,1701,japanese,Restaurant_4,175min,meal_card,15
271,6,3140,kebab,Restaurant_7,141min,meal_card,475
272,3,701,japanese,Restaurant_7,36min,meal_card,35
273,4,1526,pizza,Restaurant_3,112min,credit_card,75
274,5,2117,fast_food,Restaurant_3,44min,credit_card,305
275,3,1506,vegetarian,Restaurant_3,35min,meal_card,360
276,3,536,vegetarian,Restaurant_6,66min,meal_card,95
277,5,2683,world,Restaurant_2,125min,meal_card,540
278,7,1868,fast_food,Restaurant_8,130min,credit_card,280
279,1,237,turkish,Restaurant_9,180min,cash,70
280,5,1725,world,Restaurant_6,45min,meal_card,45
281,5,2099,desserts,Restaurant_4,67min,cash,225
282,3,1794,grill,Restaurant_1,142min,cash,435
283,2,471,steakhouse,Restaurant_9,32min,meal_card,5
284,5,1399,iskender,Restaurant_6,162min,credit_card,255
285,2,461,pizza,Restaurant_9,65min,cash,30
286,8,3474,world,Restaurant_1,119min,credit_card,475
287,2,706,chinese,Restaurant_5,33min,cash,75
288,5,1463,desserts,Restaurant_4,74min,meal_card,165
289,4,993,world,Restaurant_3,51min,credit_card,180
290,8,2161,steakhouse,Restaurant_6,50min,meal_card,190
291,6,3460,grill,Restaurant_4,125min,credit_card,605
292,7,3532,world,Restaurant_2,116min,meal_card,580
293,3,1510,italian,Restaurant_3,84min,meal_card,265
294,8,2548,chinese,Restaurant_1,120min,credit_card,225
295,5,1899,turkish,Restaurant_8,143min,cash,200
296,2,633,pizza,Restaurant_1,114min,meal_card,175
297,6,1151,desserts,Restaurant_8,96min,cash,185
298,2,785,iskender,Restaurant_7,157min,cash,105
299,7,1615,grill,Restaurant_3,143min,meal_card,210
300,2,369,vegetarian,Restaurant_7,176min,credit_card,35
301,7,1526,fast_food,Restaurant_6,83min,credit_card,210
302,5,2931,chinese,Restaurant_9,48min,meal_card,400
303,4,1401,chinese,Restaurant_3,107min,meal_card,75
304,8,2380,chinese,Restaurant_3,72min,credit_card,130
305,7,2455,fast_food,Restaurant_7,57min,credit_card,220
306,5,2460,iskender,Restaurant_5,93min,cash,410
307,5,1889,chinese,Restaurant_5,167min,credit_card,195
308,7,2912,iskender,Restaurant_2,37min,cash,35
309,1,385,doner,Restaurant_6,71min,credit_card,20
310,5,1670,doner,Restaurant_9,129min,meal_card,320
311,6,1652,world,Restaurant_4,112min,cash,340
312,8,4643,desserts,Restaurant_4,76min,credit_card,440
313,8,2022,grill,Restaurant_5,178min,meal_card,280
314,2,420,doner,Restaurant_5,80min,meal_card,160
315,8,2237,world,Restaurant_1,84min,credit_card,55
316,6,2031,fast_food,Restaurant_2,100min,cash,320
317,6,2801,italian,Restaurant_6,106min,cash,285
318,6,1670,italian,Restaurant_1,112min,cash,115
319,2,912,iskender,Restaurant_7,101min,cash,115
320,8,1912,italian,Restaurant_9,76min,credit_card,215
321,8,2613,seafood,Restaurant_1,30min,cash,315
322,3,1443,vegetarian,Restaurant_7,159min,meal_card,40
323,7,1361,doner,Restaurant_9,74min,meal_card,30
324,1,229,japanese,Restaurant_9,86min,meal_card,95
325,8,4256,chinese,Restaurant_1,111min,cash,520
326,8,2840,vegetarian,Restaurant_2,51min,meal_card,395
327,3,1255,grill,Restaurant_9,46min,meal_card,135
328,7,2789,italian,Restaurant_9,155min,cash,495
329,7,1911,fast_food,Restaurant_1,130min,meal_card,180
330,3,709,vegetarian,Restaurant_4,57min,cash,110
331,6,2174,vegetarian,Restaurant_1,127min,cash,125
332,7,3138,steakhouse,Restaurant_1,141min,cash,780
333,5,2220,doner,Restaurant_5,96min,credit_card,225
334,1,297,chinese,Restaurant_5,101min,cash,125
335,2,420,chinese,Restaurant_9,124min,meal_card,85
336,1,418,vegetarian,Restaurant_2,172min,credit_card,85
337,7,3012,pizza,Restaurant_1,71min,cash,515
338,3,1160,seafood,Restaurant_5,83min,credit_card,215
339,6,1421,pizza,Restaurant_2,131min,meal_card,210
340,2,909,desserts,Restaurant_5,64min,meal_card,170
341,3,1156,japanese,Restaurant_5,76min,credit_card,110
342,7,4099,fast_food,Restaurant_3,91min,cash,795
343,7,2896,kebab,Restaurant_2,128min,credit_card,570
344,2,429,pizza,Restaurant_1,148min,meal_card,75
345,8,3620,fast_food,Restaurant_6,102min,credit_card,175
346,4,1410,world,Restaurant_8,179min,meal_card,95
347,7,2785,steakhouse,Restaurant_5,136min,meal_card,190
348,6,2181,seafood,Restaurant_7,97min,cash,420
349,2,996,japanese,Restaurant_8,105min,cash,105
350,1,314,grill,Restaurant_8,105min,cash,130
351,3,552,steakhouse,Restaurant_8,171min,meal_card,210
352,7,3504,kebab,Restaurant_5,124min,meal_card,630
353,5,1418,chinese,Restaurant_1,34min,meal_card,235
354,6,1860,kebab,Restaurant_4,87min,cash,100
355,1,365,grill,Restaurant_6,59min,meal_card,80
356,1,541,pizza,Restaurant_1,87min,meal_card,185
357,7,1790,vegetarian,Restaurant_5,147min,cash,265
358,5,2411,italian,Restaurant_2,174min,meal_card,505
359,5,2552,italian,Restaurant_1,152min,credit_card,400
360,7,1279,grill,Restaurant_3,156min,meal_card,190
361,7,2274,japanese,Restaurant_3,175min,credit_card,310
362,5,1477,kebab,Restaurant_9,67min,cash,260
363,3,1757,doner,Restaurant_4,162min,meal_card,200
364,6,3167,fast_food,Restaurant_6,41min,credit_card,615
365,1,273,doner,Restaurant_3,159min,cash,165
366,8,3516,steakhouse,Restaurant_9,36min,cash,325
367,3,1748,pizza,Restaurant_3,62min,meal_card,170
368,2,1157,turkish,Restaurant_7,143min,credit_card,215
369,6,3104,steakhouse,Restaurant_4,146min,credit_card,380
370,8,3782,world,Restaurant_8,121min,cash,605
371,8,2749,italian,Restaurant_8,180min,credit_card,200
372,6,3424,desserts,Restaurant_3,53min,meal_card,450
373,7,2444,doner,Restaurant_4,73min,cash,470
374,1,515,fast_food,Restaurant_2,168min,meal_card,200
375,1,228,steakhouse,Restaurant_5,107min,meal_card,95
376,7,2606,steakhouse,Restaurant_5,53min,credit_card,320
377,2,571,kebab,Restaurant_4,66min,credit_card,160
378,2,668,vegetarian,Restaurant_5,91min,cash,150
379,1,380,japanese,Restaurant_1,90min,credit_card,125
380,8,2909,world,Restaurant_6,179min,credit_card,280
381,5,2044,steakhouse,Restaurant_9,152min,credit_card,355
382,6,3048,steakhouse,Restaurant_4,114min,meal_card,390
383,1,243,steakhouse,Restaurant_7,104min,cash,75
384,3,973,steakhouse,Restaurant_8,50min,cash,80
385,7,3085,chinese,Restaurant_2,166min,cash,155
386,8,2214,italian,Restaurant_6,67min,credit_card,245
387,2,692,fast_food,Restaurant_2,51min,meal_card,50
388,3,1651,iskender,Restaurant_9,99min,meal_card,220
389,1,291,world,Restaurant_3,164min,cash,130
390,6,2231,desserts,Restaurant_6,52min,meal_card,305
391,3,1775,italian,Restaurant_6,177min,meal_card,290
392,2,547,kebab,Restaurant_6,93min,cash,140
393,6,2545,vegetarian,Restaurant_1,53min,meal_card,300
394,6,2232,seafood,Restaurant_7,156min,meal_card,260
395,6,3269,japanese,Restaurant_3,174min,credit_card,165
396,5,2394,kebab,Restaurant_9,174min,credit_card,175
397,5,2824,doner,Restaurant_9,67min,meal_card,280
398,1,234,steakhouse,Restaurant_6,169min,credit_card,135
399,7,3211,vegetarian,Restaurant_9,61min,meal_card,540
400,5,2029,grill,Restaurant_1,152min,cash,320
401,6,1514,seafood,Restaurant_3,154min,credit_card,90
402,1,427,vegetarian,Restaurant_2,158min,cash,180
403,5,1483,steakhouse,Restaurant_8,62min,credit_card,130
404,6,3038,japanese,Restaurant_1,128min,credit_card,270
405,4,1725,world,Restaurant_6,60min,meal_card,205
406,5,2647,italian,Restaurant_7,67min,credit_card,265
407,7,2999,doner,Restaurant_9,40min,cash,70
408,7,3808,turkish,Restaurant_3,119min,meal_card,855
409,5,2575,iskender,Restaurant_4,160min,credit_card,450
410,2,917,doner,Restaurant_1,145min,credit_card,255
411,4,1015,seafood,Restaurant_1,97min,meal_card,95
412,5,2778,vegetarian,Restaurant_6,94min,cash,525
413,6,3052,iskender,Restaurant_3,119min,credit_card,440
414,2,1020,turkish,Restaurant_7,40min,cash,215
415,5,1738,italian,Restaurant_2,123min,cash,95
416,7,3830,kebab,Restaurant_1,33min,credit_card,385
417,6,2272,seafood,Restaurant_8,148min,credit_card,330
418,5,1067,chinese,Restaurant_1,168min,meal_card,190
419,2,703,turkish,Restaurant_9,177min,credit_card,70
420,3,1652,chinese,Restaurant_6,90min,credit_card,200
421,1,539,doner,Restaurant_7,130min,cash,95
422,7,3600,chinese,Restaurant_6,96min,credit_card,680
423,7,2574,japanese,Restaurant_8,140min,credit_card,55
424,6,1756,grill,Restaurant_3,170min,cash,360
425,4,2257,italian,Restaurant_5,52min,cash,340
426,2,1167,turkish,Restaurant_7,90min,meal_card,190
427,1,249,steakhouse,Restaurant_1,50min,credit_card,75
428,5,1962,steakhouse,Restaurant_8,164min,meal_card,30
429,1,408,steakhouse,Restaurant_5,76min,cash,70
430,1,214,chinese,Restaurant_2,97min,cash,40
431,8,3370,grill,Restaurant_7,99min,credit_card,295
432,2,1072,doner,Restaurant_7,49min,meal_card,65
433,4,1479,steakhouse,Restaurant_3,174min,cash,155
434,5,2774,world,Restaurant_4,116min,meal_card,545
435,8,3064,japanese,Restaurant_2,79min,credit_card,300
436,4,860,kebab,Restaurant_7,41min,credit_card,170
437,3,543,pizza,Restaurant_2,84min,meal_card,55
438,1,225,world,Restaurant_4,57min,credit_card,85
439,2,629,seafood,Restaurant_1,131min,meal_card,155
440,7,2731,turkish,Restaurant_2,73min,meal_card,220
441,3,1456,japanese,Restaurant_4,61min,meal_card,220
442,8,4502,doner,Restaurant_3,110min,meal_card,100
443,1,584,chinese,Restaurant_5,120min,cash,90
444,7,3332,turkish,Restaurant_1,150min,cash,485
445,7,1924,turkish,Restaurant_2,86min,credit_card,45
446,8,4636,desserts,Restaurant_2,45min,meal_card,855
447,6,1522,kebab,Restaurant_9,70min,cash,165
448,8,1856,vegetarian,Restaurant_3,57min,meal_card,160
449,2,646,desserts,Restaurant_1,122min,credit_card,115
450,6,3234,turkish,Restaurant_5,48min,credit_card,165
451,1,221,japanese,Restaurant_7,75min,meal_card,85
452,7,3902,seafood,Restaurant_5,139min,meal_card,285
453,4,1209,iskender,Restaurant_8,179min,cash,330
454,7,1386,pizza,Restaurant_5,121min,credit_card,280
455,7,3920,fast_food,Restaurant_4,138min,cash,325
456,4,1437,vegetarian,Restaurant_9,71min,credit_card,200
457,2,363,vegetarian,Restaurant_2,104min,meal_card,135
458,4,2069,world,Restaurant_1,91min,credit_card,275
459,3,715,kebab,Restaurant_3,126min,meal_card,70
460,2,1194,japanese,Restaurant_3,72min,meal_card,105
461,7,2355,world,Restaurant_6,146min,meal_card,315
462,1,239,seafood,Restaurant_6,175min,meal_card,55
463,5,2996,seafood,Restaurant_2,67min,cash,235
464,4,820,iskender,Restaurant_2,76min,cash,70
465,3,1189,pizza,Restaurant_1,136min,cash,285
466,8,2335,pizza,Restaurant_5,127min,cash,240
467,8,2627,vegetarian,Restaurant_2,158min,cash,555
468,2,962,pizza,Restaurant_9,88min,cash,195
469,5,2219,desserts,Restaurant_4,56min,cash,125
470,7,3238,grill,Restaurant_1,141min,meal_card,205
471,1,227,doner,Restaurant_9,163min,cash,140
472,6,2428,iskender,Restaurant_1,122min,credit_card,425
473,7,3571,pizza,Restaurant_1,41min,meal_card,455
474,2,375,vegetarian,Restaurant_2,74min,meal_card,85
475,8,4451,italian,Restaurant_3,143min,cash,545
476,5,1176,world,Restaurant_8,49min,credit_card,140
477,1,305,vegetarian,Restaurant_8,151min,cash,135
478,2,931,seafood,Restaurant_6,136min,credit_card,155
479,2,550,japanese,Restaurant_8,61min,meal_card,65
480,2,1034,desserts,Restaurant_6,82min,credit_card,215
481,8,1654,world,Restaurant_8,76min,credit_card,280
482,3,1190,chinese,Restaurant_8,68min,credit_card,145
483,1,336,iskender,Restaurant_7,43min,meal_card,55
484,7,3424,fast_food,Restaurant_2,58min,credit_card,105
485,6,3192,chinese,Restaurant_6,73min,credit_card,135
486,8,4171,fast_food,Restaurant_3,160min,meal_card,880
487,6,1278,pizza,Restaurant_3,67min,meal_card,200
488,6,2127,japanese,Restaurant_2,46min,meal_card,45
489,6,2718,italian,Restaurant_8,140min,meal_card,410
490,8,2141,world,Restaurant_4,123min,cash,190
491,5,1934,desserts,Restaurant_1,152min,meal_card,365
492,3,1257,chinese,Restaurant_4,167min,meal_card,235
493,5,1133,desserts,Restaurant_6,48min,cash,220
494,5,1005,turkish,Restaurant_7,100min,credit_card,255
495,3,1487,italian,Restaurant_8,145min,meal_card,235
496,8,2642,steakhouse,Restaurant_1,131min,meal_card,570
497,4,1184,grill,Restaurant_9,61min,cash,100
498,7,1502,iskender,Restaurant_2,76min,meal_card,130
499,8,1687,kebab,Restaurant_5,42min,cash,240
